Complexity,Loss,Equation
1,33.031536,"4.3300686"
3,3.4023583,"(x0 * x0)"
5,3.2995052,"((x0 * x0) + -0.32068884)"
6,1.3649278,"((x0 * x0) + cos(x3))"
8,0.24758776,"((x0 * x0) + (cos(x3) * 2.4699042))"
10,2.6034762e-13,"(((x0 * x0) + (cos(x3) * 2.5382004)) + -0.50000024)"
15,2.1113809e-13,"(((x0 * x0) + 0.8895641) + ((cos(x3) + (cos(x3) + -1.0949209)) * 1.2691001))"
