Complexity,Loss,Equation
1,17.425194,"2.9004812"
3,2.7476828,"(x0 * x0)"
5,2.7276168,"(x0 * (x0 * 0.9713975))"
6,1.0535004,"((x0 * x0) + cos(x3))"
8,0.23090538,"((x0 * x0) + (cos(x3) * 2.3348296))"
10,9.514078e-14,"((x0 * x0) + ((cos(x3) * 2.5382) + -0.4999999))"
12,9.300915e-14,"(((x0 * x0) + 0.20036094) + ((cos(x3) * 2.5382) + -0.7003609))"
17,8.3377e-14,"((((x0 * x0) + -0.24549569) + ((cos(x3) * 1.5381999) + -0.35028717)) + (cos(x3) + 0.09578289))"
