Complexity,Loss,Equation
1,56.389084,"4.985414"
3,3.1944046,"(x0 * x0)"
5,3.1560488,"((x0 * x0) + -0.19591975)"
6,1.2587428,"(cos(x3) + (x0 * x0))"
8,0.24288063,"((x0 * x0) + (cos(x3) * 2.419378))"
10,3.981415e-13,"((x0 * x0) + ((cos(x3) * 2.5382001) + -0.5))"
14,3.976375e-13,"(((x0 * x0) + (cos(x3) * (cos(exp(-1.5310175)) + 1.5615052))) + -0.5)"
