Complexity,Loss,Equation
1,67.32247,"5.1774354"
3,3.0684142,"(x0 * x0)"
5,3.0538495,"((x0 + 0.05258049) * x0)"
6,1.1874743,"((x0 * x0) + cos(x3))"
8,0.23705097,"((x0 * x0) + (cos(x3) * 2.3774328))"
10,2.6906531e-13,"(((x0 * x0) + -0.50000006) + (cos(x3) * 2.5382))"
12,2.6739998e-13,"(((x0 * x0) + ((cos(x3) * 2.5382001) + 0.15450689)) + -0.654507)"
15,1.9519553e-13,"((((x0 * x0) + (cos(x3) * 0.79526025)) + (cos(x3) * 1.7429398)) + -0.50000006)"
