Complexity,Loss,Equation
1,50.026104,"3.888328"
3,2.908871,"(x0 * x0)"
5,2.87244,"(x0 * (x0 + 0.09475326))"
6,1.1475955,"((x0 * x0) + cos(x3))"
8,0.24086685,"((x0 * x0) + (cos(x3) * 2.397766))"
10,7.147949e-14,"(((x0 * x0) + -0.50000006) + (cos(x3) * 2.5382001))"
14,6.9818595e-14,"((((x0 * (x0 + 1.561081e-8)) + -0.8310356) + (cos(x3) * 2.5382001)) + 0.33103555)"
